Model,MAE,RMSE,R2
Linear Regression,18.61848110000398,23.973949425874522,0.942884168716302
Random Forest,21.30085013042444,26.680288056502857,0.9292610904630019
Decision Tree,24.5748256905322,30.39653518248562,0.9081824929115437
